{
  "AWSEBDockerrunVersion": "2",
  "containerDefinitions": [
    {
      "name": "client",
      "image": "hilare/multi-client",
      "hostname": "client",
      "essential": false
    },
    {
      "name": "server",
      "image": "hilare/multi-server",
      "hostname": "api",
      "essential": false
    },
    {
      "name": "worker",
      "image": "hilare/multi-worker",
      "hostname": "worker",
      "essential": false
    },
    {
      "name": "nginx",
      "image": "hilare/multi-nginx",
      "hostname": "nginx",
      "essential": true,
      "portMappings": [
        {
          "hostPort": 80,
          "containerPort": 80
        }
      ],
      "links": ["client", "server"]
    }
  ]
}